{
  "system_info": {
    "cpu_count": 12,
    "cpu_count_logical": 12,
    "memory_total": 16456011776,
    "platform": "win32",
    "python_version": "3.13.7 (tags/v3.13.7:bcee1c3, Aug 14 2025, 14:15:11) [MSC v.1944 64 bit (AMD64)]",
    "timestamp": "2025-11-12T12:42:28.086444"
  },
  "latency_tests": {
    "message_routing": {
      "mean_latency_ms": 0.01645799959078431,
      "median_latency_ms": 0.011199968867003918,
      "min_latency_ms": 0.009499955922365189,
      "max_latency_ms": 0.11170003563165665,
      "p95_latency_ms": 0.027999980375170708,
      "p99_latency_ms": 0.11170003563165665,
      "samples": 100,
      "success_rate": 100.0
    },
    "state_management": {
      "mean_latency_ms": 0.004726501647382975,
      "median_latency_ms": 0.004100031219422817,
      "p95_latency_ms": 0.007300055585801601,
      "samples": 200
    },
    "coordination_engine": {
      "complex_reasoning": {
        "mean_latency_ms": 0.02273200312629342,
        "median_latency_ms": 0.01999997766688466,
        "p95_latency_ms": 0.02680008765310049,
        "success_rate": 100.0
      },
      "emotional_processing": {
        "mean_latency_ms": 0.012585998047143221,
        "median_latency_ms": 0.01009996049106121,
        "p95_latency_ms": 0.02389994915574789,
        "success_rate": 100.0
      },
      "memory_consolidation": {
        "mean_latency_ms": 0.010358004365116358,
        "median_latency_ms": 0.009600073099136353,
        "p95_latency_ms": 0.01479999627918005,
        "success_rate": 100.0
      },
      "creative_problem_solving": {
        "mean_latency_ms": 0.010089997667819262,
        "median_latency_ms": 0.009699957445263863,
        "p95_latency_ms": 0.011400086805224419,
        "success_rate": 100.0
      }
    }
  },
  "throughput_tests": {
    "event_bus": {
      "total_events": 1000,
      "events_received": 1000,
      "total_time_seconds": 0.3350176999811083,
      "throughput_events_per_second": 2984.9169164984123,
      "avg_latency_ms": 0.3350176999811083
    }
  },
  "resource_usage": {
    "baseline_cpu_percent": 17.9,
    "peak_cpu_percent": 58.7,
    "cpu_overhead_percent": 40.800000000000004,
    "baseline_memory_percent": 76.6,
    "peak_memory_percent": 77.1,
    "memory_overhead_percent": 0.5,
    "test_duration_seconds": 0.001888900063931942,
    "operations_completed": 100,
    "throughput_ops_per_second": 52940.863261892
  },
  "scalability_tests": {
    "concurrent_load": {
      "1": {
        "total_time_seconds": 0.0002226999495178461,
        "successful_operations": 1,
        "success_rate": 100.0,
        "mean_latency_ms": 0.08020002860575914,
        "max_latency_ms": 0.08020002860575914,
        "throughput_ops_per_second": 4490.3467745055095
      },
      "5": {
        "total_time_seconds": 0.00025580008514225483,
        "successful_operations": 5,
        "success_rate": 100.0,
        "mean_latency_ms": 0.02339996863156557,
        "max_latency_ms": 0.06829993799328804,
        "throughput_ops_per_second": 19546.51421331394
      },
      "10": {
        "total_time_seconds": 0.0003106000367552042,
        "successful_operations": 10,
        "success_rate": 100.0,
        "mean_latency_ms": 0.01620999537408352,
        "max_latency_ms": 0.053799943998456,
        "throughput_ops_per_second": 32195.746351058493
      },
      "25": {
        "total_time_seconds": 0.0004936999175697565,
        "successful_operations": 25,
        "success_rate": 100.0,
        "mean_latency_ms": 0.01210799440741539,
        "max_latency_ms": 0.03439991269260645,
        "throughput_ops_per_second": 50638.047749861464
      },
      "50": {
        "total_time_seconds": 0.0010341000743210316,
        "successful_operations": 50,
        "success_rate": 100.0,
        "mean_latency_ms": 0.011267999652773142,
        "max_latency_ms": 0.035800039768218994,
        "throughput_ops_per_second": 48351.2198109346
      },
      "100": {
        "total_time_seconds": 0.0016666000010445714,
        "successful_operations": 100,
        "success_rate": 100.0,
        "mean_latency_ms": 0.010960003128275275,
        "max_latency_ms": 0.0315000070258975,
        "throughput_ops_per_second": 60002.40005839626
      }
    },
    "message_load": {
      "10": {
        "total_messages": 10,
        "successful_routes": 10,
        "success_rate": 100.0,
        "total_time_seconds": 0.00042529997881501913,
        "throughput_messages_per_second": 23512.815655110626,
        "avg_latency_ms": 0.04252999788150191
      },
      "50": {
        "total_messages": 50,
        "successful_routes": 50,
        "success_rate": 100.0,
        "total_time_seconds": 0.0010676000965759158,
        "throughput_messages_per_second": 46834.01599565569,
        "avg_latency_ms": 0.021352001931518316
      },
      "100": {
        "total_messages": 100,
        "successful_routes": 100,
        "success_rate": 100.0,
        "total_time_seconds": 0.0013977999333292246,
        "throughput_messages_per_second": 71540.99640126893,
        "avg_latency_ms": 0.013977999333292246
      },
      "500": {
        "total_messages": 500,
        "successful_routes": 500,
        "success_rate": 100.0,
        "total_time_seconds": 0.006200699950568378,
        "throughput_messages_per_second": 80636.0578621722,
        "avg_latency_ms": 0.012401399901136756
      },
      "1000": {
        "total_messages": 1000,
        "successful_routes": 1000,
        "success_rate": 100.0,
        "total_time_seconds": 0.014706099987961352,
        "throughput_messages_per_second": 67998.99367055956,
        "avg_latency_ms": 0.014706099987961352
      }
    }
  },
  "coordination_tests": {}
}